,Coupon
tienda83,2383
tienda76,1206
tienda15,1187
tienda38,922
tienda88,914
tienda9,872
tienda66,834
tienda81,824
tienda84,775
tienda32,720
TIENDA86,691
tienda28,680
tienda48,653
tienda61,652
Tienda83,651
tienda37,633
tienda89,620
tienda64,601
tienda92,592
tienda91,544
Tienda69,541
tienda13,536
tienda27,527
tienda47,520
tienda51,495
TIENDA89,479
tienda26,472
TIENDA62,467
TIENDA24,437
tienda12,392
tienda62,388
tienda97,381
tienda7,365
tienda22,360
tienda54,350
tienda14,340
tienda11,335
Tienda84,317
TIENDA22,309
tienda49,294
TIENDA90,288
TIENDA73,281
tienda36,281
TIENDA64,278
tienda73,270
tienda57,267
tienda58,261
tienda72,259
tienda24,239
tienda20,238
TIENDA81,235
tienda70,226
TIENDA60,223
TIENDA9,222
tienda63,202
tienda68,200
tienda25,194
TIENDA54,192
TIENDA27,184
TIENDA12,183
Tienda72,183
TIENDA68,180
TIENDA20,179
TIENDA29,178
Tienda37,178
tienda53,165
Tienda15,161
tienda69,161
tienda41,160
TIENDA36,158
TIENDA47,155
TIENDA38,154
TIENDA26,147
TIENDA85,138
tienda31,136
tienda39,135
TIENDA25,133
tienda65,132
TIENDA93,130
tienda60,130
TIENDA41,129
Tienda54,129
Tienda89,127
TIENDA69,121
TIENDA66,121
TIENDA83,120
tienda19,111
PEPE15,111
TIENDA14,111
tienda86,110
Tienda14,109
Tienda7,107
Tienda32,106
TIENDA61,100
tienda30,98
tienda46,94
Tienda22,85
TIENDA43,84
tienda85,78
TIENDA58,74
Tienda9,72
TIENDA88,72
Tienda49,70
carters40,65
TIENDA39,62
tienda18,60
BIENVENIDA001,59
TIENDA28,59
TIENDA72,58
Tienda66,57
flete1219,55
Tienda43,54
tienda29,52
tienda94,52
TIENDA13,51
Tienda92,49
Tienda73,48
Tienda38,48
Tienda28,47
Tienda76,44
Tienda64,44
Tienda70,42
Tienda88,40
Tienda13,36
Tienda57,36
tienda93,35
10ESPECIAL02,34
05ESPECIAL01,34
Tienda27,30
Tienda81,26
TIENDA19,25
TIENDA11,24
tienda35,23
TIENDA84,23
CUMPLEBEBE,21
tienda43,20
TIENDA7,20
TIENDA57,19
Tienda93,18
pepe15,18
TIENDA63,17
TIENDA94,17
Tienda29,17
Tienda53,17
Tienda19,17
YoSiVote,16
tiendA26,16
Carters40,16
Tienda35,15
Tienda26,15
TIENDA91,15
Tienda62,14
Pepe15,14
Tienda11,14
Tienda91,13
TIENDA76,13
TIENDA97,13
Tienda24,13
Tienda86,12
Tienda25,12
Tienda48,12
TIENDA31,10
TIENDA30,10
d20,10
Tienda58,10
05especial01,10
TIENDA53,9
Tienda20,9
Yosivote,8
Bienvenida001,8
Cumplebebe,8
TIENDA48,8
Tienda41,7
10especial02,7
TIENDA49,6
Tienda47,6
Tienda97,6
TIENDA92,6
TIENDA37,5
Tienda61,5
TIENDA46,5
Tienda39,5
Tienda30,5
Tienda90,4
CARTERS40,4
bienvenida001,4
TIENDA51,4
GR50,4
Tienda60,4
TIENDA70,3
Tienda51,3
Tienda36,3
TIENDA18,3
TIENDA15,2
Tienda63,2
Tienda12,2
10Especial02,2
D20,2
Tienda68,1
tIENDA72,1
Tienda85,1
HEIMY,1
GR40,1
TIENDA59,1
RIDEON,1
freidoraoster,1
Tienda18,1
LHERNANDEZ,1
tiendA13,1
yosivote,1
ARROCERAGR,1
ANDADOR,1
